id;address_line_1;street;city;state;country
1;mindshare Interactions Versatile;Wilderman Spring;Buffalo;Kansas index;Iraq
2;Sports withdrawal Architect;Stuart Station;Hermannport;Pants relationships Health;Falkland Islands (Malvinas)
3;Account;Cronin Run;New Nelsland;microchip Chile Tuna;Hungary
4;Berkshire Designer the;Stamm Radial;West Myrlside;circuit Bike;Malaysia
5;navigate override SMTP;Aiyana Brooks;East Maximillian;synthesizing;Tokelau
6;National Soap;Minerva Plains;North Olen;SCSI Shirt systemic;Netherlands
7;Dinar;Lucie Dale;Dorcaschester;override projection Taka;Swaziland
8;invoice quantify Gorgeous;Norwood Stream;Idaho Falls;Borders Greece;Virgin Islands, U.S.
9;out-of-the-box payment calculating;Laurianne Skyway;New Bennett;Garden disintermediate Architect;Christmas Island
10;Metal;Winston Plain;Millsside;calculating;Czech Republic
